textPayload,insertId,resource.type,resource.labels.task_name,resource.labels.job_id,resource.labels.project_id,timestamp,severity,logName,receiveTimestamp,jsonPayload.created,jsonPayload.lineno,jsonPayload.message,jsonPayload.levelname,jsonPayload.pathname,"labels.""compute.googleapis.com/zone""","labels.""ml.googleapis.com/job_id/log_area""","labels.""compute.googleapis.com/resource_name""","labels.""ml.googleapis.com/trial_id""","labels.""compute.googleapis.com/resource_id"""
Job completed successfully.,ivrrl9byw,ml_job,service,wals_ml_tune_20190530_044150,my-tf-2019,2019-06-01T16:05:48.392006314Z,INFO,projects/my-tf-2019/logs/ml.googleapis.com%2Fwals_ml_tune_20190530_044150,2019-06-01T16:05:50.071519043Z,,,,,,,,,,
,1wjka79fwgktt0,ml_job,master-replica-0,wals_ml_tune_20190530_044150,my-tf-2019,2019-06-01T16:02:15.165798902Z,INFO,projects/my-tf-2019/logs/master-replica-0,2019-06-01T16:02:17.053559375Z,1559404935.165799,959,Task completed successfully.,INFO,/runcloudml.py,us-east1-c,root,cmle-training-8768946396881493982,500,5980542529355849264
,1wjka79fwgktsz,ml_job,master-replica-0,wals_ml_tune_20190530_044150,my-tf-2019,2019-06-01T16:02:15.165014028Z,INFO,projects/my-tf-2019/logs/master-replica-0,2019-06-01T16:02:17.053559375Z,1559404935.165014,957,Clean up finished.,INFO,/runcloudml.py,us-east1-c,root,cmle-training-8768946396881493982,500,5980542529355849264
,1wjka79fwgktsy,ml_job,master-replica-0,wals_ml_tune_20190530_044150,my-tf-2019,2019-06-01T16:02:15.164493083Z,INFO,projects/my-tf-2019/logs/master-replica-0,2019-06-01T16:02:17.053559375Z,1559404935.164493,954,Module completed; cleaning up.,INFO,/runcloudml.py,us-east1-c,root,cmle-training-8768946396881493982,500,5980542529355849264
,1wjka79fwgktsx,ml_job,master-replica-0,wals_ml_tune_20190530_044150,my-tf-2019,2019-06-01T16:02:14.134366989Z,INFO,projects/my-tf-2019/logs/master-replica-0,2019-06-01T16:02:17.053559375Z,1559404934.134367,48,test RMSE = 2.55,INFO,/root/.local/lib/python2.7/site-packages/trainer/task.py,us-east1-c,tensorflow,cmle-training-8768946396881493982,500,5980542529355849264
,1wjka79fwgktsw,ml_job,master-replica-0,wals_ml_tune_20190530_044150,my-tf-2019,2019-06-01T16:02:14.133894920Z,INFO,projects/my-tf-2019/logs/master-replica-0,2019-06-01T16:02:17.053559375Z,1559404934.133895,47,train RMSE = 1.77,INFO,/root/.local/lib/python2.7/site-packages/trainer/task.py,us-east1-c,tensorflow,cmle-training-8768946396881493982,500,5980542529355849264
,1wjka79fwgktsv,ml_job,master-replica-0,wals_ml_tune_20190530_044150,my-tf-2019,2019-06-01T16:02:13.211081027Z,INFO,projects/my-tf-2019/logs/master-replica-0,2019-06-01T16:02:17.053559375Z,1559404933.211081,614,Attempting refresh to obtain initial access_token,INFO,/usr/local/lib/python2.7/dist-packages/oauth2client/client.py,us-east1-c,oauth2client.client,cmle-training-8768946396881493982,500,5980542529355849264
,1wjka79fwgktsu,ml_job,master-replica-0,wals_ml_tune_20190530_044150,my-tf-2019,2019-06-01T16:02:11.921425104Z,INFO,projects/my-tf-2019/logs/master-replica-0,2019-06-01T16:02:17.053559375Z,1559404931.921425,628,"<Command u'/tools/google-cloud-sdk/bin/gsutil cp -r /tmp/500/* gs://recommendation-try/jobs/wals_ml_tune_20190530_044150/500/500/model', pid 604>: process completed",INFO,/root/.local/lib/python2.7/site-packages/sh.py,us-east1-c,sh.command,cmle-training-8768946396881493982,500,5980542529355849264
,opf6s8fzzw6yw,ml_job,master-replica-0,wals_ml_tune_20190530_044150,my-tf-2019,2019-06-01T16:02:09.245637893Z,INFO,projects/my-tf-2019/logs/master-replica-0,2019-06-01T16:02:09.862053111Z,1559404929.245638,628,"<Command u'/tools/google-cloud-sdk/bin/gsutil cp -r /tmp/500/* gs://recommendation-try/jobs/wals_ml_tune_20190530_044150/500/500/model', pid 604>: process started",INFO,/root/.local/lib/python2.7/site-packages/sh.py,us-east1-c,sh.command,cmle-training-8768946396881493982,500,5980542529355849264
,opf6s8fzzw6yv,ml_job,master-replica-0,wals_ml_tune_20190530_044150,my-tf-2019,2019-06-01T16:02:09.234309911Z,INFO,projects/my-tf-2019/logs/master-replica-0,2019-06-01T16:02:09.862053111Z,1559404929.23431,628,<Command u'/tools/google-cloud-sdk/bin/gsutil cp -r /tmp/500/* gs://recommendation-try/jobs/wals_ml_tune_20190530_044150/500/500/model'>: starting process,INFO,/root/.local/lib/python2.7/site-packages/sh.py,us-east1-c,sh.command,cmle-training-8768946396881493982,500,5980542529355849264
,opf6s8fzzw6yu,ml_job,master-replica-0,wals_ml_tune_20190530_044150,my-tf-2019,2019-06-01T16:02:09.224811077Z,INFO,projects/my-tf-2019/logs/master-replica-0,2019-06-01T16:02:09.862053111Z,1559404929.224811,282,Train Finish: 2019-06-01 16:02:09,INFO,/root/.local/lib/python2.7/site-packages/trainer/model.py,us-east1-c,tensorflow,cmle-training-8768946396881493982,500,5980542529355849264
,opf6s8fzzw6yt,ml_job,master-replica-0,wals_ml_tune_20190530_044150,my-tf-2019,2019-06-01T16:02:06.811969041Z,INFO,projects/my-tf-2019/logs/master-replica-0,2019-06-01T16:02:09.862053111Z,1559404926.811969,975,"Creating TensorFlow device (/gpu:0) -> (device: 0, name: Tesla K80, pci bus id: 0000:00:04.0)",INFO,tensorflow/core/common_runtime/gpu/gpu_device.cc,us-east1-c,root,cmle-training-8768946396881493982,500,5980542529355849264
,opf6s8fzzw6ys,ml_job,master-replica-0,wals_ml_tune_20190530_044150,my-tf-2019,2019-06-01T16:02:06.811778068Z,INFO,projects/my-tf-2019/logs/master-replica-0,2019-06-01T16:02:09.862053111Z,1559404926.811778,916,"0:   Y ",INFO,tensorflow/core/common_runtime/gpu/gpu_device.cc,us-east1-c,root,cmle-training-8768946396881493982,500,5980542529355849264
,opf6s8fzzw6yr,ml_job,master-replica-0,wals_ml_tune_20190530_044150,my-tf-2019,2019-06-01T16:02:06.811569929Z,INFO,projects/my-tf-2019/logs/master-replica-0,2019-06-01T16:02:09.862053111Z,1559404926.81157,906,"DMA: 0 ",INFO,tensorflow/core/common_runtime/gpu/gpu_device.cc,us-east1-c,root,cmle-training-8768946396881493982,500,5980542529355849264
,opf6s8fzzw6yq,ml_job,master-replica-0,wals_ml_tune_20190530_044150,my-tf-2019,2019-06-01T16:02:06.811391115Z,ERROR,projects/my-tf-2019/logs/master-replica-0,2019-06-01T16:02:09.862053111Z,1559404926.811391,325,Free memory: 11.10GiB,ERROR,/runcloudml.py,us-east1-c,root,cmle-training-8768946396881493982,500,5980542529355849264
,opf6s8fzzw6yp,ml_job,master-replica-0,wals_ml_tune_20190530_044150,my-tf-2019,2019-06-01T16:02:06.811218976Z,ERROR,projects/my-tf-2019/logs/master-replica-0,2019-06-01T16:02:09.862053111Z,1559404926.811219,325,Total memory: 11.17GiB,ERROR,/runcloudml.py,us-east1-c,root,cmle-training-8768946396881493982,500,5980542529355849264
,opf6s8fzzw6yo,ml_job,master-replica-0,wals_ml_tune_20190530_044150,my-tf-2019,2019-06-01T16:02:06.811058998Z,ERROR,projects/my-tf-2019/logs/master-replica-0,2019-06-01T16:02:09.862053111Z,1559404926.811059,325,pciBusID 0000:00:04.0,ERROR,/runcloudml.py,us-east1-c,root,cmle-training-8768946396881493982,500,5980542529355849264
,opf6s8fzzw6yn,ml_job,master-replica-0,wals_ml_tune_20190530_044150,my-tf-2019,2019-06-01T16:02:06.810895919Z,ERROR,projects/my-tf-2019/logs/master-replica-0,2019-06-01T16:02:09.862053111Z,1559404926.810896,325,major: 3 minor: 7 memoryClockRate (GHz) 0.8235,ERROR,/runcloudml.py,us-east1-c,root,cmle-training-8768946396881493982,500,5980542529355849264
,opf6s8fzzw6ym,ml_job,master-replica-0,wals_ml_tune_20190530_044150,my-tf-2019,2019-06-01T16:02:06.810693025Z,ERROR,projects/my-tf-2019/logs/master-replica-0,2019-06-01T16:02:09.862053111Z,1559404926.810693,325,name: Tesla K80,ERROR,/runcloudml.py,us-east1-c,root,cmle-training-8768946396881493982,500,5980542529355849264
,opf6s8fzzw6yl,ml_job,master-replica-0,wals_ml_tune_20190530_044150,my-tf-2019,2019-06-01T16:02:06.810458898Z,INFO,projects/my-tf-2019/logs/master-replica-0,2019-06-01T16:02:09.862053111Z,1559404926.810459,885,"Found device 0 with properties: ",INFO,tensorflow/core/common_runtime/gpu/gpu_device.cc,us-east1-c,root,cmle-training-8768946396881493982,500,5980542529355849264
,opf6s8fzzw6yk,ml_job,master-replica-0,wals_ml_tune_20190530_044150,my-tf-2019,2019-06-01T16:02:06.810051918Z,INFO,projects/my-tf-2019/logs/master-replica-0,2019-06-01T16:02:09.862053111Z,1559404926.810052,910,"successful NUMA node read from SysFS had negative value (-1), but there must be at least one NUMA node, so returning NUMA node zero",INFO,tensorflow/stream_executor/cuda/cuda_gpu_executor.cc,us-east1-c,root,cmle-training-8768946396881493982,500,5980542529355849264
,opf6s8fzzw6yj,ml_job,master-replica-0,wals_ml_tune_20190530_044150,my-tf-2019,2019-06-01T16:02:06.724247932Z,WARNING,projects/my-tf-2019/logs/master-replica-0,2019-06-01T16:02:09.862053111Z,1559404926.724248,45,"The TensorFlow library wasn't compiled to use FMA instructions, but these are available on your machine and could speed up CPU computations.",WARNING,tensorflow/core/platform/cpu_feature_guard.cc,us-east1-c,root,cmle-training-8768946396881493982,500,5980542529355849264
,opf6s8fzzw6yi,ml_job,master-replica-0,wals_ml_tune_20190530_044150,my-tf-2019,2019-06-01T16:02:06.723707914Z,WARNING,projects/my-tf-2019/logs/master-replica-0,2019-06-01T16:02:09.862053111Z,1559404926.723708,45,"The TensorFlow library wasn't compiled to use AVX2 instructions, but these are available on your machine and could speed up CPU computations.",WARNING,tensorflow/core/platform/cpu_feature_guard.cc,us-east1-c,root,cmle-training-8768946396881493982,500,5980542529355849264
,opf6s8fzzw6yh,ml_job,master-replica-0,wals_ml_tune_20190530_044150,my-tf-2019,2019-06-01T16:02:05.934576034Z,INFO,projects/my-tf-2019/logs/master-replica-0,2019-06-01T16:02:09.862053111Z,1559404925.934576,267,Train Start: 2019-06-01 16:02:05,INFO,/root/.local/lib/python2.7/site-packages/trainer/model.py,us-east1-c,tensorflow,cmle-training-8768946396881493982,500,5980542529355849264
,opf6s8fzzw6yg,ml_job,master-replica-0,wals_ml_tune_20190530_044150,my-tf-2019,2019-06-01T16:02:05.667277097Z,INFO,projects/my-tf-2019/logs/master-replica-0,2019-06-01T16:02:09.862053111Z,1559404925.667277,628,"<Command u'/tools/google-cloud-sdk/bin/gsutil cp -r gs://recommendation-try/data/u.data /tmp/ffe401c3-e582-4a31-9bd7-27500e38295a/u.data', pid 401>: process completed",INFO,/root/.local/lib/python2.7/site-packages/sh.py,us-east1-c,sh.command,cmle-training-8768946396881493982,500,5980542529355849264
,opf6s8fzzw6yf,ml_job,master-replica-0,wals_ml_tune_20190530_044150,my-tf-2019,2019-06-01T16:02:04.308144092Z,INFO,projects/my-tf-2019/logs/master-replica-0,2019-06-01T16:02:09.862053111Z,1559404924.308144,628,"<Command u'/tools/google-cloud-sdk/bin/gsutil cp -r gs://recommendation-try/data/u.data /tmp/ffe401c3-e582-4a31-9bd7-27500e38295a/u.data', pid 401>: process started",INFO,/root/.local/lib/python2.7/site-packages/sh.py,us-east1-c,sh.command,cmle-training-8768946396881493982,500,5980542529355849264
,opf6s8fzzw6ye,ml_job,master-replica-0,wals_ml_tune_20190530_044150,my-tf-2019,2019-06-01T16:02:04.300251007Z,INFO,projects/my-tf-2019/logs/master-replica-0,2019-06-01T16:02:09.862053111Z,1559404924.300251,628,<Command u'/tools/google-cloud-sdk/bin/gsutil cp -r gs://recommendation-try/data/u.data /tmp/ffe401c3-e582-4a31-9bd7-27500e38295a/u.data'>: starting process,INFO,/root/.local/lib/python2.7/site-packages/sh.py,us-east1-c,sh.command,cmle-training-8768946396881493982,500,5980542529355849264
,tyvbhzg12oljum,ml_job,master-replica-0,wals_ml_tune_20190530_044150,my-tf-2019,2019-06-01T16:01:55.885711908Z,INFO,projects/my-tf-2019/logs/master-replica-0,2019-06-01T16:01:58.669374897Z,1559404915.885712,135,successfully opened CUDA library libcurand.so.8.0 locally,INFO,tensorflow/stream_executor/dso_loader.cc,us-east1-c,root,cmle-training-8768946396881493982,500,5980542529355849264
,tyvbhzg12oljul,ml_job,master-replica-0,wals_ml_tune_20190530_044150,my-tf-2019,2019-06-01T16:01:55.885417938Z,INFO,projects/my-tf-2019/logs/master-replica-0,2019-06-01T16:01:58.669374897Z,1559404915.885418,135,successfully opened CUDA library libcuda.so.1 locally,INFO,tensorflow/stream_executor/dso_loader.cc,us-east1-c,root,cmle-training-8768946396881493982,500,5980542529355849264
,tyvbhzg12oljuk,ml_job,master-replica-0,wals_ml_tune_20190530_044150,my-tf-2019,2019-06-01T16:01:55.884263992Z,INFO,projects/my-tf-2019/logs/master-replica-0,2019-06-01T16:01:58.669374897Z,1559404915.884264,135,successfully opened CUDA library libcufft.so.8.0 locally,INFO,tensorflow/stream_executor/dso_loader.cc,us-east1-c,root,cmle-training-8768946396881493982,500,5980542529355849264
,tyvbhzg12oljuj,ml_job,master-replica-0,wals_ml_tune_20190530_044150,my-tf-2019,2019-06-01T16:01:55.882967948Z,INFO,projects/my-tf-2019/logs/master-replica-0,2019-06-01T16:01:58.669374897Z,1559404915.882968,135,successfully opened CUDA library libcudnn.so.5 locally,INFO,tensorflow/stream_executor/dso_loader.cc,us-east1-c,root,cmle-training-8768946396881493982,500,5980542529355849264
,tyvbhzg12oljui,ml_job,master-replica-0,wals_ml_tune_20190530_044150,my-tf-2019,2019-06-01T16:01:55.881747007Z,INFO,projects/my-tf-2019/logs/master-replica-0,2019-06-01T16:01:58.669374897Z,1559404915.881747,135,successfully opened CUDA library libcublas.so.8.0 locally,INFO,tensorflow/stream_executor/dso_loader.cc,us-east1-c,root,cmle-training-8768946396881493982,500,5980542529355849264
,tyvbhzg12oljuh,ml_job,master-replica-0,wals_ml_tune_20190530_044150,my-tf-2019,2019-06-01T16:01:55.695724010Z,INFO,projects/my-tf-2019/logs/master-replica-0,2019-06-01T16:01:58.669374897Z,1559404915.695724,479,Running command: python -m trainer.task --hypertune --gcs-bucket gs://recommendation-try --train-file data/u.data --verbose-logging --unobs_weight 4.999754482479231 --latent_factors 50 --regularization 6.7885674000485032 --feature_wt_factor 180.7071667157112 --job-dir gs://recommendation-try/jobs/wals_ml_tune_20190530_044150/500,INFO,/runcloudml.py,us-east1-c,root,cmle-training-8768946396881493982,500,5980542529355849264
,tyvbhzg12oljug,ml_job,master-replica-0,wals_ml_tune_20190530_044150,my-tf-2019,2019-06-01T16:01:55.621654987Z,INFO,projects/my-tf-2019/logs/master-replica-0,2019-06-01T16:01:58.669374897Z,1559404915.621655,325,Successfully installed sh-1.12.14 wals-ml-engine-0.1,INFO,/runcloudml.py,us-east1-c,root,cmle-training-8768946396881493982,500,5980542529355849264
,tyvbhzg12oljuf,ml_job,master-replica-0,wals_ml_tune_20190530_044150,my-tf-2019,2019-06-01T16:01:55.608685970Z,INFO,projects/my-tf-2019/logs/master-replica-0,2019-06-01T16:01:58.669374897Z,1559404915.608686,325,"      Successfully uninstalled wals-ml-engine-0.1",INFO,/runcloudml.py,us-east1-c,root,cmle-training-8768946396881493982,500,5980542529355849264
,tyvbhzg12oljue,ml_job,master-replica-0,wals_ml_tune_20190530_044150,my-tf-2019,2019-06-01T16:01:55.607877969Z,INFO,projects/my-tf-2019/logs/master-replica-0,2019-06-01T16:01:58.669374897Z,1559404915.607878,325,"    Uninstalling wals-ml-engine-0.1:",INFO,/runcloudml.py,us-east1-c,root,cmle-training-8768946396881493982,500,5980542529355849264
,tyvbhzg12oljud,ml_job,master-replica-0,wals_ml_tune_20190530_044150,my-tf-2019,2019-06-01T16:01:55.604628086Z,INFO,projects/my-tf-2019/logs/master-replica-0,2019-06-01T16:01:58.669374897Z,1559404915.604628,325,"  Found existing installation: wals-ml-engine 0.1",INFO,/runcloudml.py,us-east1-c,root,cmle-training-8768946396881493982,500,5980542529355849264
,tyvbhzg12oljuc,ml_job,master-replica-0,wals_ml_tune_20190530_044150,my-tf-2019,2019-06-01T16:01:55.579057931Z,INFO,projects/my-tf-2019/logs/master-replica-0,2019-06-01T16:01:58.669374897Z,1559404915.579058,325,"Installing collected packages: sh, wals-ml-engine",INFO,/runcloudml.py,us-east1-c,root,cmle-training-8768946396881493982,500,5980542529355849264
,tyvbhzg12oljub,ml_job,master-replica-0,wals_ml_tune_20190530_044150,my-tf-2019,2019-06-01T16:01:55.010018110Z,INFO,projects/my-tf-2019/logs/master-replica-0,2019-06-01T16:01:58.669374897Z,1559404915.010018,325,Successfully built wals-ml-engine,INFO,/runcloudml.py,us-east1-c,root,cmle-training-8768946396881493982,500,5980542529355849264
,tyvbhzg12oljua,ml_job,master-replica-0,wals_ml_tune_20190530_044150,my-tf-2019,2019-06-01T16:01:55.004304885Z,INFO,projects/my-tf-2019/logs/master-replica-0,2019-06-01T16:01:58.669374897Z,1559404915.004305,325,"  Stored in directory: /root/.cache/pip/wheels/c3/f5/39/320f12d0c0893f1c6b99a43f7a9dc7a2017cd3137bf45db867",INFO,/runcloudml.py,us-east1-c,root,cmle-training-8768946396881493982,500,5980542529355849264
,tyvbhzg12olju9,ml_job,master-replica-0,wals_ml_tune_20190530_044150,my-tf-2019,2019-06-01T16:01:55.003880023Z,INFO,projects/my-tf-2019/logs/master-replica-0,2019-06-01T16:01:58.669374897Z,1559404915.00388,325,"  Building wheel for wals-ml-engine (setup.py): finished with status 'done'",INFO,/runcloudml.py,us-east1-c,root,cmle-training-8768946396881493982,500,5980542529355849264
,tyvbhzg12olju8,ml_job,master-replica-0,wals_ml_tune_20190530_044150,my-tf-2019,2019-06-01T16:01:54.990392923Z,INFO,projects/my-tf-2019/logs/master-replica-0,2019-06-01T16:01:58.669374897Z,1559404914.990393,61,adding 'wals_ml_engine-0.1.dist-info/RECORD',INFO,/usr/local/lib/python2.7/dist-packages/wheel/archive.py,us-east1-c,wheel,cmle-training-8768946396881493982,500,5980542529355849264
,tyvbhzg12olju7,ml_job,master-replica-0,wals_ml_tune_20190530_044150,my-tf-2019,2019-06-01T16:01:54.990053892Z,INFO,projects/my-tf-2019/logs/master-replica-0,2019-06-01T16:01:58.669374897Z,1559404914.990054,61,adding 'wals_ml_engine-0.1.dist-info/METADATA',INFO,/usr/local/lib/python2.7/dist-packages/wheel/archive.py,us-east1-c,wheel,cmle-training-8768946396881493982,500,5980542529355849264
,tyvbhzg12olju6,ml_job,master-replica-0,wals_ml_tune_20190530_044150,my-tf-2019,2019-06-01T16:01:54.989753007Z,INFO,projects/my-tf-2019/logs/master-replica-0,2019-06-01T16:01:58.669374897Z,1559404914.989753,61,adding 'wals_ml_engine-0.1.dist-info/WHEEL',INFO,/usr/local/lib/python2.7/dist-packages/wheel/archive.py,us-east1-c,wheel,cmle-training-8768946396881493982,500,5980542529355849264
,tyvbhzg12olju5,ml_job,master-replica-0,wals_ml_tune_20190530_044150,my-tf-2019,2019-06-01T16:01:54.989434003Z,INFO,projects/my-tf-2019/logs/master-replica-0,2019-06-01T16:01:58.669374897Z,1559404914.989434,61,adding 'wals_ml_engine-0.1.dist-info/top_level.txt',INFO,/usr/local/lib/python2.7/dist-packages/wheel/archive.py,us-east1-c,wheel,cmle-training-8768946396881493982,500,5980542529355849264
,tyvbhzg12olju4,ml_job,master-replica-0,wals_ml_tune_20190530_044150,my-tf-2019,2019-06-01T16:01:54.989129066Z,INFO,projects/my-tf-2019/logs/master-replica-0,2019-06-01T16:01:58.669374897Z,1559404914.989129,61,adding 'wals_ml_engine-0.1.dist-info/metadata.json',INFO,/usr/local/lib/python2.7/dist-packages/wheel/archive.py,us-east1-c,wheel,cmle-training-8768946396881493982,500,5980542529355849264
,tyvbhzg12olju3,ml_job,master-replica-0,wals_ml_tune_20190530_044150,my-tf-2019,2019-06-01T16:01:54.988794088Z,INFO,projects/my-tf-2019/logs/master-replica-0,2019-06-01T16:01:58.669374897Z,1559404914.988794,61,adding 'wals_ml_engine-0.1.dist-info/DESCRIPTION.rst',INFO,/usr/local/lib/python2.7/dist-packages/wheel/archive.py,us-east1-c,wheel,cmle-training-8768946396881493982,500,5980542529355849264
,tyvbhzg12olju2,ml_job,master-replica-0,wals_ml_tune_20190530_044150,my-tf-2019,2019-06-01T16:01:54.988368034Z,INFO,projects/my-tf-2019/logs/master-replica-0,2019-06-01T16:01:58.669374897Z,1559404914.988368,61,adding 'trainer/model.py',INFO,/usr/local/lib/python2.7/dist-packages/wheel/archive.py,us-east1-c,wheel,cmle-training-8768946396881493982,500,5980542529355849264
,tyvbhzg12olju1,ml_job,master-replica-0,wals_ml_tune_20190530_044150,my-tf-2019,2019-06-01T16:01:54.987668037Z,INFO,projects/my-tf-2019/logs/master-replica-0,2019-06-01T16:01:58.669374897Z,1559404914.987668,61,adding 'trainer/wals.py',INFO,/usr/local/lib/python2.7/dist-packages/wheel/archive.py,us-east1-c,wheel,cmle-training-8768946396881493982,500,5980542529355849264
,tyvbhzg12olju0,ml_job,master-replica-0,wals_ml_tune_20190530_044150,my-tf-2019,2019-06-01T16:01:54.987159967Z,INFO,projects/my-tf-2019/logs/master-replica-0,2019-06-01T16:01:58.669374897Z,1559404914.98716,61,adding 'trainer/__init__.py',INFO,/usr/local/lib/python2.7/dist-packages/wheel/archive.py,us-east1-c,wheel,cmle-training-8768946396881493982,500,5980542529355849264
,tyvbhzg12oljtz,ml_job,master-replica-0,wals_ml_tune_20190530_044150,my-tf-2019,2019-06-01T16:01:54.986776113Z,INFO,projects/my-tf-2019/logs/master-replica-0,2019-06-01T16:01:58.669374897Z,1559404914.986776,61,adding 'trainer/task.py',INFO,/usr/local/lib/python2.7/dist-packages/wheel/archive.py,us-east1-c,wheel,cmle-training-8768946396881493982,500,5980542529355849264
,tyvbhzg12oljty,ml_job,master-replica-0,wals_ml_tune_20190530_044150,my-tf-2019,2019-06-01T16:01:54.986211061Z,INFO,projects/my-tf-2019/logs/master-replica-0,2019-06-01T16:01:58.669374897Z,1559404914.986211,61,adding 'trainer/util.py',INFO,/usr/local/lib/python2.7/dist-packages/wheel/archive.py,us-east1-c,wheel,cmle-training-8768946396881493982,500,5980542529355849264
,tyvbhzg12oljtx,ml_job,master-replica-0,wals_ml_tune_20190530_044150,my-tf-2019,2019-06-01T16:01:54.985394001Z,INFO,projects/my-tf-2019/logs/master-replica-0,2019-06-01T16:01:58.669374897Z,1559404914.985394,34,creating '/tmp/pip-wheel-6jLKKG/wals_ml_engine-0.1-cp27-none-any.whl' and adding '.' to it,INFO,/usr/local/lib/python2.7/dist-packages/wheel/archive.py,us-east1-c,wheel,cmle-training-8768946396881493982,500,5980542529355849264
,tyvbhzg12oljtw,ml_job,master-replica-0,wals_ml_tune_20190530_044150,my-tf-2019,2019-06-01T16:01:54.750118017Z,INFO,projects/my-tf-2019/logs/master-replica-0,2019-06-01T16:01:58.669374897Z,1559404914.750118,325,"  Building wheel for wals-ml-engine (setup.py): started",INFO,/runcloudml.py,us-east1-c,root,cmle-training-8768946396881493982,500,5980542529355849264
,tyvbhzg12oljtv,ml_job,master-replica-0,wals_ml_tune_20190530_044150,my-tf-2019,2019-06-01T16:01:54.749669075Z,INFO,projects/my-tf-2019/logs/master-replica-0,2019-06-01T16:01:58.669374897Z,1559404914.749669,325,Building wheels for collected packages: wals-ml-engine,INFO,/runcloudml.py,us-east1-c,root,cmle-training-8768946396881493982,500,5980542529355849264
,tyvbhzg12oljtu,ml_job,master-replica-0,wals_ml_tune_20190530_044150,my-tf-2019,2019-06-01T16:01:54.708050012Z,INFO,projects/my-tf-2019/logs/master-replica-0,2019-06-01T16:01:58.669374897Z,1559404914.70805,325,"  Downloading https://files.pythonhosted.org/packages/4a/22/17b22ef5b049f12080f5815c41bf94de3c229217609e469001a8f80c1b3d/sh-1.12.14-py2.py3-none-any.whl",INFO,/runcloudml.py,us-east1-c,root,cmle-training-8768946396881493982,500,5980542529355849264
,tyvbhzg12oljtt,ml_job,master-replica-0,wals_ml_tune_20190530_044150,my-tf-2019,2019-06-01T16:01:54.531415939Z,INFO,projects/my-tf-2019/logs/master-replica-0,2019-06-01T16:01:58.669374897Z,1559404914.531416,325,Collecting sh (from wals-ml-engine==0.1),INFO,/runcloudml.py,us-east1-c,root,cmle-training-8768946396881493982,500,5980542529355849264
,tyvbhzg12oljts,ml_job,master-replica-0,wals_ml_tune_20190530_044150,my-tf-2019,2019-06-01T16:01:54.294684886Z,INFO,projects/my-tf-2019/logs/master-replica-0,2019-06-01T16:01:58.669374897Z,1559404914.294685,325,Processing ./wals_ml_engine-0.1.tar.gz,INFO,/runcloudml.py,us-east1-c,root,cmle-training-8768946396881493982,500,5980542529355849264
,tyvbhzg12oljtr,ml_job,master-replica-0,wals_ml_tune_20190530_044150,my-tf-2019,2019-06-01T16:01:54.260409116Z,ERROR,projects/my-tf-2019/logs/master-replica-0,2019-06-01T16:01:58.669374897Z,1559404914.260409,325,"DEPRECATION: Python 2.7 will reach the end of its life on January 1st, 2020. Please upgrade your Python as Python 2.7 won't be maintained after that date. A future version of pip will drop support for Python 2.7.",ERROR,/runcloudml.py,us-east1-c,root,cmle-training-8768946396881493982,500,5980542529355849264
,tyvbhzg12oljtq,ml_job,master-replica-0,wals_ml_tune_20190530_044150,my-tf-2019,2019-06-01T16:01:53.926717996Z,INFO,projects/my-tf-2019/logs/master-replica-0,2019-06-01T16:01:58.669374897Z,1559404913.926718,479,Running command: pip install --user wals_ml_engine-0.1.tar.gz,INFO,/runcloudml.py,us-east1-c,root,cmle-training-8768946396881493982,500,5980542529355849264
,tyvbhzg12oljtp,ml_job,master-replica-0,wals_ml_tune_20190530_044150,my-tf-2019,2019-06-01T16:01:53.678282022Z,INFO,projects/my-tf-2019/logs/master-replica-0,2019-06-01T16:01:58.669374897Z,1559404913.678282,325,Successfully installed wals-ml-engine-0.1,INFO,/runcloudml.py,us-east1-c,root,cmle-training-8768946396881493982,500,5980542529355849264
,tyvbhzg12oljto,ml_job,master-replica-0,wals_ml_tune_20190530_044150,my-tf-2019,2019-06-01T16:01:53.663970947Z,INFO,projects/my-tf-2019/logs/master-replica-0,2019-06-01T16:01:58.669374897Z,1559404913.663971,325,Installing collected packages: wals-ml-engine,INFO,/runcloudml.py,us-east1-c,root,cmle-training-8768946396881493982,500,5980542529355849264
,tyvbhzg12oljtn,ml_job,master-replica-0,wals_ml_tune_20190530_044150,my-tf-2019,2019-06-01T16:01:53.663757085Z,INFO,projects/my-tf-2019/logs/master-replica-0,2019-06-01T16:01:58.669374897Z,1559404913.663757,325,Successfully built wals-ml-engine,INFO,/runcloudml.py,us-east1-c,root,cmle-training-8768946396881493982,500,5980542529355849264
,tyvbhzg12oljtm,ml_job,master-replica-0,wals_ml_tune_20190530_044150,my-tf-2019,2019-06-01T16:01:53.658951044Z,INFO,projects/my-tf-2019/logs/master-replica-0,2019-06-01T16:01:58.669374897Z,1559404913.658951,325,"  Stored in directory: /root/.cache/pip/wheels/c3/f5/39/320f12d0c0893f1c6b99a43f7a9dc7a2017cd3137bf45db867",INFO,/runcloudml.py,us-east1-c,root,cmle-training-8768946396881493982,500,5980542529355849264
,tyvbhzg12oljtl,ml_job,master-replica-0,wals_ml_tune_20190530_044150,my-tf-2019,2019-06-01T16:01:53.658390998Z,INFO,projects/my-tf-2019/logs/master-replica-0,2019-06-01T16:01:58.669374897Z,1559404913.658391,325,"  Building wheel for wals-ml-engine (setup.py): finished with status 'done'",INFO,/runcloudml.py,us-east1-c,root,cmle-training-8768946396881493982,500,5980542529355849264
,tyvbhzg12oljtk,ml_job,master-replica-0,wals_ml_tune_20190530_044150,my-tf-2019,2019-06-01T16:01:53.640489101Z,INFO,projects/my-tf-2019/logs/master-replica-0,2019-06-01T16:01:58.669374897Z,1559404913.640489,61,adding 'wals_ml_engine-0.1.dist-info/RECORD',INFO,/usr/local/lib/python2.7/dist-packages/wheel/archive.py,us-east1-c,wheel,cmle-training-8768946396881493982,500,5980542529355849264
,tyvbhzg12oljtj,ml_job,master-replica-0,wals_ml_tune_20190530_044150,my-tf-2019,2019-06-01T16:01:53.640130043Z,INFO,projects/my-tf-2019/logs/master-replica-0,2019-06-01T16:01:58.669374897Z,1559404913.64013,61,adding 'wals_ml_engine-0.1.dist-info/METADATA',INFO,/usr/local/lib/python2.7/dist-packages/wheel/archive.py,us-east1-c,wheel,cmle-training-8768946396881493982,500,5980542529355849264
,tyvbhzg12oljti,ml_job,master-replica-0,wals_ml_tune_20190530_044150,my-tf-2019,2019-06-01T16:01:53.639777898Z,INFO,projects/my-tf-2019/logs/master-replica-0,2019-06-01T16:01:58.669374897Z,1559404913.639778,61,adding 'wals_ml_engine-0.1.dist-info/WHEEL',INFO,/usr/local/lib/python2.7/dist-packages/wheel/archive.py,us-east1-c,wheel,cmle-training-8768946396881493982,500,5980542529355849264
,tyvbhzg12oljth,ml_job,master-replica-0,wals_ml_tune_20190530_044150,my-tf-2019,2019-06-01T16:01:53.639435052Z,INFO,projects/my-tf-2019/logs/master-replica-0,2019-06-01T16:01:58.669374897Z,1559404913.639435,61,adding 'wals_ml_engine-0.1.dist-info/top_level.txt',INFO,/usr/local/lib/python2.7/dist-packages/wheel/archive.py,us-east1-c,wheel,cmle-training-8768946396881493982,500,5980542529355849264
,tyvbhzg12oljtg,ml_job,master-replica-0,wals_ml_tune_20190530_044150,my-tf-2019,2019-06-01T16:01:53.638982057Z,INFO,projects/my-tf-2019/logs/master-replica-0,2019-06-01T16:01:58.669374897Z,1559404913.638982,61,adding 'wals_ml_engine-0.1.dist-info/metadata.json',INFO,/usr/local/lib/python2.7/dist-packages/wheel/archive.py,us-east1-c,wheel,cmle-training-8768946396881493982,500,5980542529355849264
,tyvbhzg12oljtf,ml_job,master-replica-0,wals_ml_tune_20190530_044150,my-tf-2019,2019-06-01T16:01:53.638626098Z,INFO,projects/my-tf-2019/logs/master-replica-0,2019-06-01T16:01:58.669374897Z,1559404913.638626,61,adding 'wals_ml_engine-0.1.dist-info/DESCRIPTION.rst',INFO,/usr/local/lib/python2.7/dist-packages/wheel/archive.py,us-east1-c,wheel,cmle-training-8768946396881493982,500,5980542529355849264
,tyvbhzg12oljte,ml_job,master-replica-0,wals_ml_tune_20190530_044150,my-tf-2019,2019-06-01T16:01:53.638175010Z,INFO,projects/my-tf-2019/logs/master-replica-0,2019-06-01T16:01:58.669374897Z,1559404913.638175,61,adding 'trainer/model.py',INFO,/usr/local/lib/python2.7/dist-packages/wheel/archive.py,us-east1-c,wheel,cmle-training-8768946396881493982,500,5980542529355849264
,tyvbhzg12oljtd,ml_job,master-replica-0,wals_ml_tune_20190530_044150,my-tf-2019,2019-06-01T16:01:53.637196063Z,INFO,projects/my-tf-2019/logs/master-replica-0,2019-06-01T16:01:58.669374897Z,1559404913.637196,61,adding 'trainer/wals.py',INFO,/usr/local/lib/python2.7/dist-packages/wheel/archive.py,us-east1-c,wheel,cmle-training-8768946396881493982,500,5980542529355849264
,tyvbhzg12oljtc,ml_job,master-replica-0,wals_ml_tune_20190530_044150,my-tf-2019,2019-06-01T16:01:53.636714935Z,INFO,projects/my-tf-2019/logs/master-replica-0,2019-06-01T16:01:58.669374897Z,1559404913.636715,61,adding 'trainer/__init__.py',INFO,/usr/local/lib/python2.7/dist-packages/wheel/archive.py,us-east1-c,wheel,cmle-training-8768946396881493982,500,5980542529355849264
,tyvbhzg12oljtb,ml_job,master-replica-0,wals_ml_tune_20190530_044150,my-tf-2019,2019-06-01T16:01:53.636198043Z,INFO,projects/my-tf-2019/logs/master-replica-0,2019-06-01T16:01:58.669374897Z,1559404913.636198,61,adding 'trainer/task.py',INFO,/usr/local/lib/python2.7/dist-packages/wheel/archive.py,us-east1-c,wheel,cmle-training-8768946396881493982,500,5980542529355849264
,tyvbhzg12oljta,ml_job,master-replica-0,wals_ml_tune_20190530_044150,my-tf-2019,2019-06-01T16:01:53.635693073Z,INFO,projects/my-tf-2019/logs/master-replica-0,2019-06-01T16:01:58.669374897Z,1559404913.635693,61,adding 'trainer/util.py',INFO,/usr/local/lib/python2.7/dist-packages/wheel/archive.py,us-east1-c,wheel,cmle-training-8768946396881493982,500,5980542529355849264
,tyvbhzg12oljt9,ml_job,master-replica-0,wals_ml_tune_20190530_044150,my-tf-2019,2019-06-01T16:01:53.634711980Z,INFO,projects/my-tf-2019/logs/master-replica-0,2019-06-01T16:01:58.669374897Z,1559404913.634712,34,creating '/tmp/pip-wheel-SBKLy1/wals_ml_engine-0.1-cp27-none-any.whl' and adding '.' to it,INFO,/usr/local/lib/python2.7/dist-packages/wheel/archive.py,us-east1-c,wheel,cmle-training-8768946396881493982,500,5980542529355849264
,tyvbhzg12oljt8,ml_job,master-replica-0,wals_ml_tune_20190530_044150,my-tf-2019,2019-06-01T16:01:53.255016088Z,INFO,projects/my-tf-2019/logs/master-replica-0,2019-06-01T16:01:58.669374897Z,1559404913.255016,325,"  Building wheel for wals-ml-engine (setup.py): started",INFO,/runcloudml.py,us-east1-c,root,cmle-training-8768946396881493982,500,5980542529355849264
,tyvbhzg12oljt6,ml_job,master-replica-0,wals_ml_tune_20190530_044150,my-tf-2019,2019-06-01T16:01:53.253985881Z,INFO,projects/my-tf-2019/logs/master-replica-0,2019-06-01T16:01:58.669374897Z,1559404913.253986,325,Building wheels for collected packages: wals-ml-engine,INFO,/runcloudml.py,us-east1-c,root,cmle-training-8768946396881493982,500,5980542529355849264
,tyu4dwg11i5y52,ml_job,master-replica-0,wals_ml_tune_20190530_044150,my-tf-2019,2019-06-01T16:01:52.417640924Z,INFO,projects/my-tf-2019/logs/master-replica-0,2019-06-01T16:01:53.363117921Z,1559404912.417641,325,Processing ./wals_ml_engine-0.1.tar.gz,INFO,/runcloudml.py,us-east1-c,root,cmle-training-8768946396881493982,500,5980542529355849264
,tyu4dwg11i5y51,ml_job,master-replica-0,wals_ml_tune_20190530_044150,my-tf-2019,2019-06-01T16:01:52.278239965Z,ERROR,projects/my-tf-2019/logs/master-replica-0,2019-06-01T16:01:53.363117921Z,1559404912.27824,325,"DEPRECATION: Python 2.7 will reach the end of its life on January 1st, 2020. Please upgrade your Python as Python 2.7 won't be maintained after that date. A future version of pip will drop support for Python 2.7.",ERROR,/runcloudml.py,us-east1-c,root,cmle-training-8768946396881493982,500,5980542529355849264
,tyu4dwg11i5y50,ml_job,master-replica-0,wals_ml_tune_20190530_044150,my-tf-2019,2019-06-01T16:01:49.893322944Z,INFO,projects/my-tf-2019/logs/master-replica-0,2019-06-01T16:01:53.363117921Z,1559404909.893323,479,Running command: pip install --user --upgrade --force-reinstall --no-deps wals_ml_engine-0.1.tar.gz,INFO,/runcloudml.py,us-east1-c,root,cmle-training-8768946396881493982,500,5980542529355849264
,tyu4dwg11i5y4z,ml_job,master-replica-0,wals_ml_tune_20190530_044150,my-tf-2019,2019-06-01T16:01:49.892640113Z,INFO,projects/my-tf-2019/logs/master-replica-0,2019-06-01T16:01:53.363117921Z,1559404909.89264,526,Installing the package: gs://recommendation-try/jobs/wals_ml_tune_20190530_044150/packages/fb4972a823fb9dbeeaad193f0e9ae578b4eeeb15749eba13a0fd0f4ce7e3edb7/wals_ml_engine-0.1.tar.gz,INFO,/runcloudml.py,us-east1-c,root,cmle-training-8768946396881493982,500,5980542529355849264
,tyu4dwg11i5y4y,ml_job,master-replica-0,wals_ml_tune_20190530_044150,my-tf-2019,2019-06-01T16:01:48.844463109Z,INFO,projects/my-tf-2019/logs/master-replica-0,2019-06-01T16:01:53.363117921Z,1559404908.844463,479,Running command: gsutil -q cp gs://recommendation-try/jobs/wals_ml_tune_20190530_044150/packages/fb4972a823fb9dbeeaad193f0e9ae578b4eeeb15749eba13a0fd0f4ce7e3edb7/wals_ml_engine-0.1.tar.gz wals_ml_engine-0.1.tar.gz,INFO,/runcloudml.py,us-east1-c,root,cmle-training-8768946396881493982,500,5980542529355849264
,tyu4dwg11i5y4x,ml_job,master-replica-0,wals_ml_tune_20190530_044150,my-tf-2019,2019-06-01T16:01:48.844188928Z,INFO,projects/my-tf-2019/logs/master-replica-0,2019-06-01T16:01:53.363117921Z,1559404908.844189,510,Downloading the package: gs://recommendation-try/jobs/wals_ml_tune_20190530_044150/packages/fb4972a823fb9dbeeaad193f0e9ae578b4eeeb15749eba13a0fd0f4ce7e3edb7/wals_ml_engine-0.1.tar.gz,INFO,/runcloudml.py,us-east1-c,root,cmle-training-8768946396881493982,500,5980542529355849264
,tyu4dwg11i5y4w,ml_job,master-replica-0,wals_ml_tune_20190530_044150,my-tf-2019,2019-06-01T16:01:48.843431949Z,INFO,projects/my-tf-2019/logs/master-replica-0,2019-06-01T16:01:53.363117921Z,1559404908.843432,572,Running module trainer.task.,INFO,/runcloudml.py,us-east1-c,root,cmle-training-8768946396881493982,500,5980542529355849264
,chucmtfw8nuuc,ml_job,master-replica-0,wals_ml_tune_20190530_044150,my-tf-2019,2019-06-01T16:01:17.435385942Z,INFO,projects/my-tf-2019/logs/master-replica-0,2019-06-01T16:01:45.002020819Z,1559404877.435386,966,"Running task with arguments: --cluster={""master"": [""127.0.0.1:2222""]} --task={""type"": ""master"", ""index"": 0, ""trial"": ""500""} --job={  ""scale_tier"": ""CUSTOM"",  ""master_type"": ""standard_gpu"",  ""package_uris"": [""gs://recommendation-try/jobs/wals_ml_tune_20190530_044150/packages/fb4972a823fb9dbeeaad193f0e9ae578b4eeeb15749eba13a0fd0f4ce7e3edb7/wals_ml_engine-0.1.tar.gz""],  ""python_module"": ""trainer.task"",  ""args"": [""--hypertune"", ""--gcs-bucket"", ""gs://recommendation-try"", ""--train-file"", ""data/u.data"", ""--verbose-logging""],  ""hyperparameters"": {    ""goal"": ""MINIMIZE"",    ""params"": [{      ""parameter_name"": ""regularization"",      ""min_value"": 0.001,      ""max_value"": 10.0,      ""type"": ""DOUBLE"",      ""scale_type"": ""UNIT_REVERSE_LOG_SCALE""    }, {      ""parameter_name"": ""latent_factors"",      ""min_value"": 5.0,      ""max_value"": 50.0,      ""type"": ""INTEGER"",      ""scale_type"": ""UNIT_REVERSE_LOG_SCALE""    }, {      ""parameter_name"": ""unobs_weight"",      ""min_value"": 0.001,      ""max_value"": 5.0,      ""type"": ""DOUBLE"",      ""scale_type"": ""UNIT_REVERSE_LOG_SCALE""    }, {      ""parameter_name"": ""feature_wt_factor"",      ""min_value"": 1.0,      ""max_value"": 200.0,      ""type"": ""DOUBLE"",      ""scale_type"": ""UNIT_LOG_SCALE""    }],    ""max_trials"": 500,    ""max_parallel_trials"": 1  },  ""region"": ""us-east1"",  ""job_dir"": ""gs://recommendation-try/jobs/wals_ml_tune_20190530_044150"",  ""run_on_raw_vm"": true} --hyperparams={""feature_wt_factor"":""180.7071667157112"",""latent_factors"":""50"",""regularization"":""6.7885674000485032"",""unobs_weight"":""4.999754482479231""}",INFO,/runcloudml.py,us-east1-c,root,cmle-training-8768946396881493982,500,5980542529355849264
Waiting for training program to start.,ivrrl9bys,ml_job,service,wals_ml_tune_20190530_044150,my-tf-2019,2019-06-01T15:59:28.691149203Z,INFO,projects/my-tf-2019/logs/ml.googleapis.com%2Fwals_ml_tune_20190530_044150,2019-06-01T15:59:29.996820613Z,,,,,,,,,,
Waiting for job to be provisioned.,ivrrl9byr,ml_job,service,wals_ml_tune_20190530_044150,my-tf-2019,2019-06-01T15:59:26.824112049Z,INFO,projects/my-tf-2019/logs/ml.googleapis.com%2Fwals_ml_tune_20190530_044150,2019-06-01T15:59:27.994087599Z,,,,,,,,,,
Job completed successfully.,1kcbi3ebz8,ml_job,service,wals_ml_tune_20190530_044150,my-tf-2019,2019-06-01T15:58:09.469683936Z,INFO,projects/my-tf-2019/logs/ml.googleapis.com%2Fwals_ml_tune_20190530_044150,2019-06-01T15:58:10.029570002Z,,,,,,,,,,
,tz6dxify40jvd,ml_job,master-replica-0,wals_ml_tune_20190530_044150,my-tf-2019,2019-06-01T15:55:02.457123994Z,INFO,projects/my-tf-2019/logs/master-replica-0,2019-06-01T15:55:07.002457134Z,1559404502.457124,959,Task completed successfully.,INFO,/runcloudml.py,us-east1-c,root,cmle-training-839322900676537513,499,5319322508726313427
,tz6dxify40jvc,ml_job,master-replica-0,wals_ml_tune_20190530_044150,my-tf-2019,2019-06-01T15:55:02.456442117Z,INFO,projects/my-tf-2019/logs/master-replica-0,2019-06-01T15:55:07.002457134Z,1559404502.456442,957,Clean up finished.,INFO,/runcloudml.py,us-east1-c,root,cmle-training-839322900676537513,499,5319322508726313427
,tz6dxify40jvb,ml_job,master-replica-0,wals_ml_tune_20190530_044150,my-tf-2019,2019-06-01T15:55:02.455992937Z,INFO,projects/my-tf-2019/logs/master-replica-0,2019-06-01T15:55:07.002457134Z,1559404502.455993,954,Module completed; cleaning up.,INFO,/runcloudml.py,us-east1-c,root,cmle-training-839322900676537513,499,5319322508726313427
,tz6dxify40jva,ml_job,master-replica-0,wals_ml_tune_20190530_044150,my-tf-2019,2019-06-01T15:55:01.839584112Z,INFO,projects/my-tf-2019/logs/master-replica-0,2019-06-01T15:55:07.002457134Z,1559404501.839584,48,test RMSE = 1.02,INFO,/root/.local/lib/python2.7/site-packages/trainer/task.py,us-east1-c,tensorflow,cmle-training-839322900676537513,499,5319322508726313427
,tz6dxify40jv9,ml_job,master-replica-0,wals_ml_tune_20190530_044150,my-tf-2019,2019-06-01T15:55:01.839196920Z,INFO,projects/my-tf-2019/logs/master-replica-0,2019-06-01T15:55:07.002457134Z,1559404501.839197,47,train RMSE = 0.48,INFO,/root/.local/lib/python2.7/site-packages/trainer/task.py,us-east1-c,tensorflow,cmle-training-839322900676537513,499,5319322508726313427
,13ofi01g12jpl2i,ml_job,master-replica-0,wals_ml_tune_20190530_044150,my-tf-2019,2019-06-01T15:55:00.861277103Z,INFO,projects/my-tf-2019/logs/master-replica-0,2019-06-01T15:55:01.860980038Z,1559404500.861277,614,Attempting refresh to obtain initial access_token,INFO,/usr/local/lib/python2.7/dist-packages/oauth2client/client.py,us-east1-c,oauth2client.client,cmle-training-839322900676537513,499,5319322508726313427
,13ofi01g12jpl2h,ml_job,master-replica-0,wals_ml_tune_20190530_044150,my-tf-2019,2019-06-01T15:54:59.463186979Z,INFO,projects/my-tf-2019/logs/master-replica-0,2019-06-01T15:55:01.860980038Z,1559404499.463187,628,"<Command u'/tools/google-cloud-sdk/bin/gsutil cp -r /tmp/499/* gs://recommendation-try/jobs/wals_ml_tune_20190530_044150/499/499/model', pid 603>: process completed",INFO,/root/.local/lib/python2.7/site-packages/sh.py,us-east1-c,sh.command,cmle-training-839322900676537513,499,5319322508726313427
,13ofi01g12jpl2g,ml_job,master-replica-0,wals_ml_tune_20190530_044150,my-tf-2019,2019-06-01T15:54:56.692308902Z,INFO,projects/my-tf-2019/logs/master-replica-0,2019-06-01T15:55:01.860980038Z,1559404496.692309,628,"<Command u'/tools/google-cloud-sdk/bin/gsutil cp -r /tmp/499/* gs://recommendation-try/jobs/wals_ml_tune_20190530_044150/499/499/model', pid 603>: process started",INFO,/root/.local/lib/python2.7/site-packages/sh.py,us-east1-c,sh.command,cmle-training-839322900676537513,499,5319322508726313427
,13ofi01g12jpl2f,ml_job,master-replica-0,wals_ml_tune_20190530_044150,my-tf-2019,2019-06-01T15:54:56.678813934Z,INFO,projects/my-tf-2019/logs/master-replica-0,2019-06-01T15:55:01.860980038Z,1559404496.678814,628,<Command u'/tools/google-cloud-sdk/bin/gsutil cp -r /tmp/499/* gs://recommendation-try/jobs/wals_ml_tune_20190530_044150/499/499/model'>: starting process,INFO,/root/.local/lib/python2.7/site-packages/sh.py,us-east1-c,sh.command,cmle-training-839322900676537513,499,5319322508726313427
,13ofi01g12jpl2e,ml_job,master-replica-0,wals_ml_tune_20190530_044150,my-tf-2019,2019-06-01T15:54:56.669156074Z,INFO,projects/my-tf-2019/logs/master-replica-0,2019-06-01T15:55:01.860980038Z,1559404496.669156,282,Train Finish: 2019-06-01 15:54:56,INFO,/root/.local/lib/python2.7/site-packages/trainer/model.py,us-east1-c,tensorflow,cmle-training-839322900676537513,499,5319322508726313427